id;endpoint;auth;p_256_dh
1;Adaptive Applications;complexity Executive Bulgaria;cross-platform
2;red Reverse-engineered;system;back up
3;District National Garden;exploit Branding Fantastic Granite Car;Intelligent Concrete Gloves
4;pink Car;visualize Tasty;client-server reboot Curve
5;withdrawal generating;withdrawal;European Unit of Account 9(E.U.A.-9)
6;Singapore Dollar implement;groupware;payment
7;Incredible Wooden Table;strategic Rapids Facilitator;metrics Plastic structure
8;Port payment;Chicken Nevada;Tasty Soft Pants
9;Associate Fantastic;COM core 1080p;Plastic
10;pink;Specialist;port cross-media Club
